1,Priyanshu
2,Vikas
3,Arpit
4,Ritesh
5,Sajal
6,Satya
7,Priyanshu
8,Vikas
9,Arpit
10,Ritesh
11,Sajal
12,Satya
13,Priyanshu
14,Vikas
14,Vikas
14,Vikas
14,Vikas
14,Vikas
14,Vikas
15,Arpit
16,Ritesh
14,Vikas
17,Sajal
18,Satya
19,Priyanshu
20,Vikas
14,Vikas
21,Arpit
22,Ritesh
23,Sajal
24,Satya
25,Priyanshu
26,Vikas
27,Arpit
28,Ritesh
29,Sajal
30,Satya
31,Priyanshu
32,Vikas
33,Arpit
34,Ritesh
35,Sajal
36,Satya
37,Priyanshu
38,Vikas
39,Arpit
40,Ritesh
41,Sajal
42,Satya
43,Priyanshu
44,Vikas
45,Arpit
46,Ritesh
47,Sajal
48,Satya
49,Priyanshu
50,Vikas
51,Arpit
52,Ritesh
53,Sajal
54,Satya
55,Priyanshu
56,Vikas
57,Arpit
58,Ritesh
59,Sajal
60,Satya
61,Priyanshu
62,Vikas
63,Arpit
64,Ritesh
65,Sajal
66,Satya
67,Priyanshu
68,Vikas
69,Arpit
70,Ritesh
71,Sajal
72,Satya
73,Priyanshu
74,Vikas
75,Arpit
76,Ritesh
77,Sajal
78,Satya
79,Priyanshu
80,Vikas
81,Arpit
82,Ritesh
83,Sajal
84,Satya
85,Priyanshu
86,Vikas
87,Arpit
88,Ritesh
89,Sajal
90,Satya
91,Priyanshu
92,Vikas
93,Arpit
94,Ritesh
95,Sajal
96,Satya
97,Priyanshu
98,Vikas
99,Arpit
100,Ritesh
